ImageId,
0a1a58833.jpg,58529 1 59296 3 60063 6 60830 8 61598 9 62365 11 63132 13 63899 16 64666 18 65433 20 66200 22 66968 24 67735 26 68502 28 69269 30 70036 32 70803 35 71570 37 72338 38 73105 38 73872 38 74639 38 75406 39 76173 39 76940 39 77708 38 78475 38 79242 38 80009 38 80776 39 81543 39 82310 39 83077 39 83845 38 84612 38 85379 39 86146 39 86913 39 87680 39 88447 39 89215 38 89982 38 90749 39 91516 39 92283 39 93050 39 93817 39 94585 38 95352 38 96119 39 96886 39 97653 39 98420 39 99187 39 99955 38 100722 38 101489 39 102256 39 103023 39 103790 39 104557 39 105325 38 106092 38 106859 39 107626 39 108393 39 109160 39 109927 39 110695 38 111462 39 112229 39 112996 39 113763 39 114530 39 115297 39 116065 38 116832 39 117599 39 118366 39 119133 39 119900 39 120667 39 121435 38 122202 39 122969 39 123736 39 124503 39 125271 38 126038 38 126805 38 127572 39 128339 39 129107 38 129874 38 130641 38 131408 38 132175 39 132943 38 133710 38 134477 38 135244 38 136011 38 136779 37 137546 38 138313 38 139080 38 139847 38 140615 37 141382 37 142147 1 142149 37 142914 40 143682 39 144449 39 145216 39 145983 39 146750 39 147517 39 148284 40 149052 39 149819 39 150586 39 151353 39 152122 37 152891 35 153660 34 154430 31 155199 29 155968 27 156737 25 157506 23 158275 22 159045 19 159814 17 160583 15 161352 13 162121 11 162890 9 163659 8 164429 5 165198 3 165967 1
0a1a58833.jpg,94567 1 95334 3 96101 6 96869 7 97636 9 98403 12 99170 14 99937 16 100705 15 101472 15 102239 16 103006 16 103773 16 104541 15 105308 15 106075 16 106842 16 107609 16 108377 15 109144 15 109911 16 110678 16 111445 16 112213 15 112980 15 113747 16 114514 16 115281 16 116049 15 116816 15 117583 16 118350 16 119117 16 119885 15 120652 15 121419 16 122186 16 122953 16 123721 15 124488 15 125255 15 126022 15 126789 16 127557 15 128324 15 129091 15 129858 15 130625 15 131393 14 132160 14 132927 15 133694 15 134461 15 135229 14 135996 14 136763 14 137532 12 138301 11 139071 8 139840 6 140609 4 141379 1
0a1a7f395.jpg,210236 2 211004 5 211771 9 212539 12 213307 15 214075 19 214842 23 215610 26 216378 29 217145 33 217913 36 218681 39 219448 43 220216 46 220984 49 221752 52 222519 57 223287 60 224057 61 224828 61 225599 61 226370 60 227141 57 227913 52 228684 49 229455 46 230226 41 230997 38 231768 2 231772 31 232543 27 233314 24 234086 20 234857 17 235628 13 236398 11 237166 12 237937 9 238708 5 239479 2
0a1a7f395.jpg,273463 1 274229 4 274996 5 275763 7 276529 10 277296 11 278062 14 278829 16 279596 17 280362 20 281129 22 281898 21 282666 22 283435 22 284204 22 284972 22 285741 22 286510 22 287278 22 288047 22 288816 22 289584 22 290353 22 291122 22 291890 22 292659 22 293428 22 294196 22 294965 22 295734 22 296502 22 297271 22 298040 22 298808 22 299577 22 300346 22 301115 21 301883 22 302652 22 303421 22 304189 22 304958 22 305727 22 306495 22 307264 22 308033 22 308801 22 309570 22 310339 22 311107 22 311876 22 312645 20 313413 18 314182 15 314951 13 315719 11 316488 8 317257 6 318025 4 318794 1
0a1a7f395.jpg,291092 1 291859 3 292626 5 293393 7 294160 9 294926 12 295693 14 296460 16 297227 18 297994 20 298761 22 299528 23 300297 23 301066 23 301835 23 302604 23 303373 23 304142 23 304911 23 305680 23 306449 23 307218 23 307986 24 308755 24 309524 24 310293 24 311062 24 311831 24 312600 24 313369 24 314138 24 314907 24 315676 23 316445 23 317214 23 317983 23 318752 23 319521 23 320290 23 321059 23 321828 23 322597 23 323366 23 324134 22 324903 20 325672 18 326441 16 327210 14 327979 11 328748 9 329517 7 330286 5 331055 3 331824 1
0a1a7f395.jpg,280782 1 281549 3 282315 5 283082 7 283849 9 284616 11 285382 13 286150 14 286918 15 287685 15 288451 16 289218 15 289984 16 290751 16 291517 17 292283 17 293050 17 293816 18 294583 17 295350 17 296116 18 296883 18 297650 17 298417 17 299183 18 299950 18 300717 17 301486 15 302254 14 303023 11 303792 9 304561 7 305329 6 306098 3 306867 1
0a1a7f395.jpg,232538 1 233305 5 234073 8 234840 12 235608 15 236375 20 237143 23 237913 20 238685 16 239456 13 240227 10 240999 5 241770 2
0a1a7f395.jpg,137083 5 137841 15 138599 25 139357 35 140115 45 140878 50 141646 50 142414 51 143182 51 143950 51 144718 51 145487 50 146255 44 147023 34 147791 23 148559 13 149327 7
0a1a7f395.jpg,28835 2 29602 3 30368 6 31135 8 31901 11 32668 12 33437 12 34205 13 34974 12 35742 13 36511 13 37279 14 38048 13 38816 14 39585 13 40353 14 41122 13 41890 14 42659 13 43427 14 44196 13 44964 14 45733 14 46502 13 47270 14 48039 13 48807 14 49576 13 50344 14 51113 13 51881 14 52650 13 53418 14 54187 11 54955 9 55724 6 56492 4 57261 1
0a1a7f395.jpg,230269 1 231036 6 231804 10 232572 14 233339 19 234107 21 234875 21 235642 22 236410 21 237180 19 237952 15 238724 11 239496 6 240268 2
0a1a7f395.jpg,284612 1 285378 3 286144 5 286911 5 287677 5 288443 6 289210 6 289979 4 290747 2
0a1a7f395.jpg,156291 7 157059 7 157821 13 158578 24 159314 5 159336 34 160075 12 160093 45 160843 63 161611 64 162379 64 163147 64 163915 64 164683 64 165452 63 166220 57 166988 47 167756 37 168524 26 169292 16 170060 6
0a1a7f395.jpg,179913 1 180680 3 181447 5 182213 7 182980 9 183747 11 184514 13 185281 15 186047 17 186814 19 187581 21 188348 23 189117 22 189886 22 190654 23 191423 23 192192 23 192961 22 193730 22 194498 23 195267 23 196036 23 196805 22 197573 23 198342 23 199111 23 199880 23 200649 22 201417 23 202186 23 202955 23 203724 23 204493 22 205261 23 206030 23 206799 23 207568 22 208337 22 209105 23 209874 23 210643 23 211412 22 212181 22 212949 23 213718 23 214487 23 215256 22 216024 23 216793 23 217562 21 218331 19 219100 17 219868 15 220637 13 221406 11 222175 9 222944 7 223712 5 224481 3 225250 1
0a1a7f395.jpg,173423 2 174189 5 174957 5 175726 5 176494 5 177263 5 178031 6 178800 5 179568 6 180337 5 181105 6 181874 3 182642 1
0a1a7f395.jpg,147066 7 147822 19 148578 31 149334 44 150102 44 150870 44 151638 44 152406 44 153174 44 153942 44 154710 45 155479 44 156247 44 157015 32 157783 19 158551 7
0a1a7f395.jpg,23468 1 24234 4 25001 5 25768 7 26534 10 27301 12 28068 1 28070 11 28839 11 29607 12 30376 11 31144 12 31913 12 32681 13 33450 12 34218 13 34987 13 35755 13 36524 13 37293 13 38061 14 38830 13 39599 13 40367 12 41136 9 41905 7 42674 5 43442 3 44211 1
0a00a69de.jpg,
0a0bc9b17.jpg,
0a0aeea56.jpg,
0a2f5350f.jpg,
