ImegeId,is_not_ship
00003e153.jpg,1
000155de5.jpg,0
00021ddc3.jpg,0
0002756f7.jpg,0
0002d0f32.jpg,1
000303d4d.jpg,1
00031f145.jpg,0
00053c6ba.jpg,0
00057a50d.jpg,1
0005d01c8.jpg,0
0006c52e8.jpg,0
0007b8229.jpg,1
000811bb6.jpg,1
0008d6216.jpg,1
000969125.jpg,1
0009a46e1.jpg,1
000a4d4fd.jpg,1
000baef0c.jpg,1
000bd9ac4.jpg,1
000c150b0.jpg,1
000c34352.jpg,1
000d42241.jpg,0
000e37fc6.jpg,1
000e6378b.jpg,0
000e64855.jpg,1
000f1f959.jpg,1
000f7f2fd.jpg,1
000fd9827.jpg,0
0010e88ce.jpg,1
00113a75c.jpg,0
00119e4ba.jpg,1
0011a9ccb.jpg,1
0011c31b7.jpg,1
0012be3bb.jpg,1
0013b2222.jpg,1
00140e597.jpg,1
001566f7c.jpg,0
00167446e.jpg,1
0016ae695.jpg,1
0016c1d02.jpg,1
001739657.jpg,1
001883b1b.jpg,1
0019880c1.jpg,1
0019fc4d8.jpg,0
001ac9fa5.jpg,1
001aee007.jpg,0
001c73c42.jpg,1
001db5968.jpg,1
001dd855d.jpg,1
001e3f475.jpg,1
001e418bc.jpg,0
001ea610a.jpg,1
001eb2794.jpg,0
001eda01f.jpg,0
001f3caca.jpg,1
002155dd1.jpg,1
00220176b.jpg,1
002237256.jpg,1
0023b2b72.jpg,1
00240e745.jpg,1
0024786e1.jpg,1
002490fe4.jpg,1
00249d8ad.jpg,1
00269a792.jpg,0
0029673da.jpg,1
002aa3894.jpg,1
002aae251.jpg,1
002abd5df.jpg,1
002adc40c.jpg,1
002b96007.jpg,1
002c62c03.jpg,0
002c78530.jpg,0
002d56570.jpg,0
002deeb16.jpg,0
002e42551.jpg,1
002e85393.jpg,0
002e8a977.jpg,1
002eba124.jpg,1
002fdcf51.jpg,0
002febce2.jpg,1
003080f2f.jpg,1
00319c32d.jpg,0
0032158a0.jpg,1
003794048.jpg,1
0037dda6b.jpg,1
00383c855.jpg,1
00387da9b.jpg,1
0038fa4c9.jpg,1
00390d79a.jpg,1
00391726f.jpg,1
00397761d.jpg,1
003a13db8.jpg,1
003a7bb0b.jpg,1
003aef141.jpg,1
003b34b6e.jpg,1
003b620f9.jpg,1
003b74542.jpg,1
003c1c842.jpg,1
003c27119.jpg,1
003d0a956.jpg,1
003d43308.jpg,0
003dbe2cf.jpg,1
003dd3638.jpg,1
003e2c95d.jpg,0
003e91970.jpg,1
003f4c640.jpg,1
003fc760d.jpg,1
00400ca9c.jpg,1
00406d1b3.jpg,1
0040cf4e9.jpg,0
004141855.jpg,0
0041c497c.jpg,1
0041d7084.jpg,0
0042da6d5.jpg,1
004304a89.jpg,1
004331bef.jpg,0
00458f435.jpg,1
0045a0833.jpg,1
0045fbd7c.jpg,1
0046d5d83.jpg,0
0047c6676.jpg,1
00492b322.jpg,1
004a73a8c.jpg,1
004bc7ae6.jpg,0
004d4a312.jpg,1
004d7c73a.jpg,0
004db8c97.jpg,1
004e68ede.jpg,0
004f97cfb.jpg,0
00502e612.jpg,1
00512250a.jpg,1
00514059c.jpg,1
0052f82c6.jpg,1
00552a73d.jpg,0
00558fb2a.jpg,1
0056cff59.jpg,1
0056d301c.jpg,0
0056fbc62.jpg,0
005742712.jpg,1
0057b03e2.jpg,1
0057d1789.jpg,1
005883911.jpg,0
0058896c8.jpg,1
00592a761.jpg,1
005a7670a.jpg,0
005a782bb.jpg,1
005b128fd.jpg,1
005b86bd0.jpg,1
005bc2261.jpg,1
005c6a4b7.jpg,1
005d6a820.jpg,0
005ea8d65.jpg,1
005f02549.jpg,0
005f161e5.jpg,1
005faf88a.jpg,0
0060f6de0.jpg,0
00610229c.jpg,0
00624b4d1.jpg,1
0062ad143.jpg,0
0062ae3db.jpg,1
0062c4254.jpg,1
0063175dd.jpg,1
0064320fe.jpg,1
006481d12.jpg,1
0064956d4.jpg,0
0066fa9a8.jpg,1
0068ace36.jpg,1
006946ba9.jpg,1
0069e6715.jpg,1
006a5835a.jpg,1
006bd5648.jpg,1
006c24464.jpg,1
00706447d.jpg,1
0070fe317.jpg,0
00711596a.jpg,1
00717ce00.jpg,1
00731c2cc.jpg,1
007458ed0.jpg,1
0074d6c72.jpg,0
007534159.jpg,0
00761707d.jpg,0
00767775f.jpg,1
00767e7c2.jpg,1
0076e2074.jpg,0
007779200.jpg,1
0078344d7.jpg,1
007886537.jpg,1
007947521.jpg,1
007971405.jpg,1
0079bd312.jpg,1
0079f46f5.jpg,1
007b39d27.jpg,0
007ce0003.jpg,1
007ce759d.jpg,1
007ecf483.jpg,1
008028110.jpg,1
008127d89.jpg,0
008129422.jpg,0
00837bf48.jpg,1
008401010.jpg,1
0085c5104.jpg,1
0085e527a.jpg,1
008605bcf.jpg,0
00862fc1d.jpg,1
0086bf67c.jpg,1
0086f828b.jpg,0
00875a44f.jpg,1
008775d3e.jpg,1
0087cfecb.jpg,1
008863fe8.jpg,0
0089afe3f.jpg,1
0089c7bf1.jpg,1
0089fe989.jpg,1
008aa8cda.jpg,1
008aafbd4.jpg,1
008bc8983.jpg,0
008be7e31.jpg,0
008be8252.jpg,1
008c71d89.jpg,1
008c8a442.jpg,1
008cd37c7.jpg,1
008d0ff07.jpg,1
008d2170e.jpg,0
008da962d.jpg,1
008dbba6c.jpg,1
008e155f6.jpg,1
008fd2b42.jpg,0
0092b764b.jpg,1
009315aad.jpg,1
0093754d4.jpg,0
0093b5ad2.jpg,1
009412a5b.jpg,1
009412ee5.jpg,1
00944a000.jpg,1
00949c7e5.jpg,1
0095be2f4.jpg,1
00975abe1.jpg,0
0097bfba4.jpg,1
0098456ff.jpg,0
0098652ab.jpg,0
00990fe74.jpg,0
009a7f5e8.jpg,1
009a88723.jpg,1
009abe676.jpg,1
009c1116c.jpg,0
009c23adc.jpg,1
009d02050.jpg,1
009d02498.jpg,1
009d82942.jpg,1
009d9b565.jpg,1
009e22bfb.jpg,0
009e2d63e.jpg,1
009eb0e0c.jpg,0
009f13556.jpg,1
009ff1a8e.jpg,1
00a0969df.jpg,1
00a1aab5b.jpg,0
00a355197.jpg,1
00a3780b5.jpg,1
00a3e57fe.jpg,1
00a4ba88b.jpg,1
00a5195bb.jpg,1
00a52cd2a.jpg,0
00a5a195b.jpg,1
00a5f7e44.jpg,1
00a645e13.jpg,1
00a694b3e.jpg,1
00a6d0513.jpg,1
00a74a7fe.jpg,1
00a7c6bed.jpg,1
00a8afb91.jpg,1
00a8c3d3f.jpg,1
00a9e2ec9.jpg,0
00aa60389.jpg,0
00aa6b360.jpg,1
00aa8b3ed.jpg,1
00aa8bc42.jpg,0
00aa97862.jpg,1
00ab5f960.jpg,1
00ab68758.jpg,1
00abc623a.jpg,0
00abee27d.jpg,1
00ad1b99d.jpg,1
00afeee04.jpg,1
00b068427.jpg,1
00b08514a.jpg,1
00b0fa633.jpg,0
00b12b824.jpg,1
00b1bf1a2.jpg,1
00b21150c.jpg,0
00b23ba7b.jpg,1
00b26721d.jpg,1
00b2a7cbd.jpg,1
00b3251e8.jpg,1
00b3e6991.jpg,0
00b47a21b.jpg,1
00b4e0964.jpg,1
00b50648d.jpg,1
00b547054.jpg,1
00b57297d.jpg,1
00b590f9c.jpg,1
00b75f639.jpg,1
00b846e38.jpg,1
00b872d8e.jpg,0
00b8b6f4a.jpg,1
00b9add0a.jpg,1
00ba1e4dd.jpg,1
00bc02187.jpg,1
00bc32969.jpg,1
00bc5dcb4.jpg,1
00bc708e0.jpg,0
00bc9b822.jpg,1
00bdb4df7.jpg,1
00be4edfb.jpg,0
00be74b9b.jpg,1
00bf5cdfc.jpg,1
00bfb0282.jpg,1
00bfb6baf.jpg,1
00c0f5958.jpg,1
00c15630e.jpg,1
00c1ea1a8.jpg,1
00c206813.jpg,1
00c28b072.jpg,1
00c2c8539.jpg,0
00c47151c.jpg,1
00c4a90d2.jpg,0
00c4b4f62.jpg,0
00c4be6fa.jpg,1
00c4d7198.jpg,1
00c5152fc.jpg,1
00c571edd.jpg,0
00c643d30.jpg,1
00c64e396.jpg,1
00c6914ce.jpg,1
00c6ad714.jpg,1
00c74d4fb.jpg,1
00c81c432.jpg,0
00c97988a.jpg,1
00c9a7ed3.jpg,0
00cad4541.jpg,0
00cad69fb.jpg,1
00cbaedeb.jpg,1
00cc6e1ac.jpg,1
00ce58589.jpg,1
00cfe6c74.jpg,1
00d0a646b.jpg,0
00d0cd3bd.jpg,1
00d13d6fc.jpg,1
00d206d06.jpg,1
00d33f521.jpg,1
00d35510d.jpg,1
00d38a622.jpg,1
00d412548.jpg,0
00d6233bc.jpg,1
00d779140.jpg,1
00d83c58e.jpg,1
00d85d54f.jpg,1
00d89dfdc.jpg,1
00d8c745b.jpg,1
00d9bb194.jpg,1
00da207ef.jpg,1
00da31dcb.jpg,1
00db890ad.jpg,1
00dbe507d.jpg,0
00dc0b515.jpg,1
00dc72cbc.jpg,1
00dc8f0db.jpg,1
00dd07ddc.jpg,1
00dd2a895.jpg,1
00dd81ff6.jpg,1
00dda2177.jpg,1
00ddbdbaf.jpg,1
00dea4e84.jpg,1
00dfa2e78.jpg,1
00e036ef4.jpg,1
00e05ac7b.jpg,0
00e0b6dc0.jpg,0
00e0d2251.jpg,1
00e20e92c.jpg,1
00e29b68e.jpg,1
00e351c6f.jpg,1
00e36ca6b.jpg,1
00e3a7230.jpg,1
00e44fa55.jpg,0
00e4b52b2.jpg,0
00e58cfc2.jpg,1
00e68a451.jpg,1
00e7b68d6.jpg,1
00e7ee62a.jpg,1
00e82d97d.jpg,1
00e933e1f.jpg,1
00ea2759e.jpg,1
00ea572a2.jpg,0
00eb42663.jpg,1
00ebaeafe.jpg,1
00ebbf232.jpg,1
00ec746bb.jpg,1
00ed2bfdb.jpg,1
00eda2ebe.jpg,0
00ee21090.jpg,1
00ef1bc5c.jpg,0
00ef28664.jpg,0
00f035e8f.jpg,1
00f0fb36a.jpg,1
00f103c9b.jpg,1
00f24b45c.jpg,1
00f283a9b.jpg,1
00f31a8aa.jpg,1
00f34434e.jpg,0
00f3a34d7.jpg,1
00f400aaf.jpg,1
00f65e651.jpg,1
00f7eb6a6.jpg,1
00f95db30.jpg,1
00f970313.jpg,1
00f9c9a23.jpg,1
00faeedcd.jpg,1
00fafce7f.jpg,1
00fb1dc8d.jpg,1
00fb4ec4c.jpg,1
00fba1ce7.jpg,0
00fc51232.jpg,1
00fd8e126.jpg,0
00febb0e8.jpg,1
00ff06a1f.jpg,1
00ff19c7b.jpg,1
00ff5bd0b.jpg,1
01000f132.jpg,0
0100a9375.jpg,1
01015b885.jpg,1
01027d1d7.jpg,1
0102fbbf9.jpg,1
01034d8b2.jpg,1
0103b4a88.jpg,1
010653dab.jpg,1
0106d2433.jpg,0
0107fc273.jpg,1
01081e803.jpg,1
01085d73e.jpg,1
0108ad899.jpg,1
010a8a01a.jpg,1
010b66d80.jpg,1
010c52c16.jpg,1
010c876a9.jpg,1
010d15752.jpg,1
010d888b8.jpg,1
010d9cf33.jpg,1
010ed806d.jpg,0
010fabc5d.jpg,1
0110c8ea6.jpg,1
011121bb6.jpg,1
011137db1.jpg,1
011254c64.jpg,1
011257630.jpg,1
0113453bd.jpg,1
0113c917b.jpg,1
01152a5d6.jpg,0
01176a2ab.jpg,1
0117736ac.jpg,1
01184bcb5.jpg,0
0118f7c76.jpg,1
011916094.jpg,1
0119b3ef3.jpg,1
0119f8931.jpg,1
011a24ce7.jpg,0
011a32d23.jpg,1
011b4269f.jpg,1
011b9e390.jpg,1
011d04e6a.jpg,1
011d2ada5.jpg,1
011d348b5.jpg,1
011e58797.jpg,1
011e85e74.jpg,1
011ef970d.jpg,1
011f4ad27.jpg,1
011f9ac42.jpg,1
012080223.jpg,1
0121138f0.jpg,0
0121c76e4.jpg,1
0121dc132.jpg,1
0123698bd.jpg,1
0123813cf.jpg,1
0123b84ee.jpg,0
012413c23.jpg,1
01242922e.jpg,1
012635ffd.jpg,0
0126e3200.jpg,1
01271188c.jpg,1
0129c0880.jpg,0
012b28358.jpg,1
012c055e7.jpg,0
012c93bbd.jpg,1
012c9f428.jpg,0
012d50c04.jpg,1
012d8cca1.jpg,1
012d9c145.jpg,0
012e8cd9f.jpg,1
012ea07c8.jpg,1
012ea7445.jpg,1
012efb010.jpg,1
